label,name,lat,lon,city,street,housenumber,postcode,opening_hours
office,"Oficina (Calle Ramón y Cajal 18, Leganés)",40.329559,-3.73727,Leganés,Calle de Ramón y Cajal,18,28916,
node/3686157132,Burger King,40.036183,-3.603456,,,,,
node/4449837691,Burger King,40.133286,-3.656298,,,,,
way/1497789845,Burger King,40.164336,-3.665629,,,,,
way/301859277,Burger King,40.183099,-3.678276,,,,28341,
way/759987899,Burger King,40.194223,-3.690823,Valdemoro,Calle Rosalía de Castro,1,28342,
way/1125139659,Burger King,40.20345,-3.798147,,,,,
node/746627029,Burger King,40.227638,-3.760569,,Calle Planeta Venus,2,28983,
way/298902402,Burger King,40.228082,-3.779291,,,,,
way/60044139,Burger King,40.243833,-3.777833,,Avenida de las Lagunas,3,28980,
node/13377797577,Burger King,40.246,-3.707019,,,,,
node/2061879185,Burger King,40.272351,-3.695651,,,,,
node/10266409318,Burger King,40.277308,-3.80368,,Calle del Pico de la Mira,88,,
node/1112015371,Burger King,40.283876,-3.802215,,,,,
node/2599542242,Burger King,40.285143,-3.816509,,,,,
node/10792703614,Burger King,40.285174,-3.91807,,,,,
way/1050768070,Burger King,40.290334,-3.993886,,,,,
way/1173781965,Burger King,40.295544,-3.817153,Fuenlabrada,Calle del Oasis,2,28942,
way/1156068846,Burger King,40.295596,-3.76261,,,,,
node/1092878580,Burger King,40.296602,-3.800621,,,,,
node/13192600286,Burger King,40.299479,-3.924362,,,,,
node/11401552485,Burger King,40.303236,-3.833237,,,,,
node/2631338026,Burger King,40.306456,-3.80999,,,,,
way/418665227,Burger King,40.315965,-3.847554,,,,,
node/2905961116,Burger King,40.317087,-3.898085,,,,,
node/2784089953,Burger King,40.32123,-3.864697,,,,,
way/431072075,Burger King,40.325927,-3.780831,,,,,
node/13457640691,Burger King,40.328927,-3.727442,,,,,
way/471722581,Burger King,40.329569,-3.882788,Móstoles,Avenida Olímpica,25,28935,
node/12587586255,Burger King,40.331282,-3.716004,,,,,
way/502841208,Burger King,40.332798,-3.824871,Alcorcón,Avenida 1º de Mayo,1,28922,09:00-01:00
node/1511622328,Burger King,40.333365,-3.854413,,,,,
node/2613719490,Burger King,40.336594,-3.768967,,,,,
node/1998376334,Burger King,40.337571,-3.526372,,,,,
node/11083618706,Burger King,40.338684,-3.733717,,,,,
node/1998376340,Burger King,40.340532,-3.535175,,,,,
node/4065359328,Burger King,40.346389,-3.810407,,,,,
way/101974944,Burger King,40.348408,-3.850002,,,,,
node/11794162206,Burger King,40.348854,-3.51796,,,,,
way/332587893,Burger King,40.350578,-3.901496,Villaviciosa de Odón,Avenida de Quitapesares,,,
way/667746336,Burger King,40.353766,-3.549078,Rivas Vaciamadrid,Avenida de la Técnica,4,28523,
node/10726315310,Burger King,40.356236,-3.704697,,,,,
node/4912455161,Burger King,40.358601,-3.832802,,,,,
node/6723530125,Burger King,40.359493,-3.775841,,,,,
way/1163945142,Burger King,40.365694,-3.738638,,,,,
way/753703519,Burger King,40.3679,-3.588472,,,,,
way/283638701,Burger King,40.369374,-3.631538,,,,,
node/4374935729,Burger King,40.371714,-3.69517,,,,,
node/5602005239,Burger King,40.372632,-3.730413,,,,,
way/1094224072,Burger King,40.374477,-3.775761,,,,,
way/674299894,Burger King,40.38241,-3.626463,,,,,
node/3777486881,Burger King,40.385482,-3.708301,Madrid,Calle de Marcelo Usera,109,28026,
node/622204540,Burger King,40.385787,-3.763015,,,,,
way/473868951,Burger King,40.387069,-3.752075,,,,,
node/3123215557,Burger King,40.387079,-3.640083,Madrid,Avenida de la Albufera,270,28018,
way/304004266,Burger King,40.389566,-3.494136,,Calle Duratón,8,,
node/2304484464,Burger King,40.389948,-3.73537,,,,,
node/1080996458,Burger King,40.391961,-3.656284,,,,,
node/4769471534,Burger King,40.393479,-3.723278,Madrid,,,,
node/10937770886,Burger King,40.393514,-3.67857,,,,,
node/2636758535,Burger King,40.393844,-3.765115,Madrid,Calle de Maqueda,30,28024,
node/1600767375,Burger King,40.394221,-3.79614,,,,,"Mo-Th 13:00-23:30; Fr 13:00-24:00; Sa,Su 00:00-01:00,13:00-24:00"
node/2606420203,Burger King,40.396055,-3.711821,,,,,
node/3254987866,Burger King,40.397725,-3.669152,Madrid,Calle de Melquiades Biencinto,4,28053,Su-Th 12:30-24:00; Fr-Sa 12:30-00:30
node/3895220847,Burger King,40.401136,-3.704276,,,,,Mo-Th 12:30-00:30; Fr-Su 12:00-01:00
node/11210080138,Burger King,40.404089,-3.61055,,,,,
way/1131163538,Burger King,40.404964,-3.592007,Madrid,Carretera de Vicálvaro a la Estación de O'Donnell,,28032,
node/2304484684,Burger King,40.404995,-3.745887,,,,,
node/10011137809,Burger King,40.40515,-3.559546,Madrid,Avenida Miguel Delibes,55,28052,
way/326955764,Burger King,40.406062,-3.889356,Boadilla del Monte,Avenida Nuevo Mundo,14,28660,
node/12196594520,Burger King,40.40608,-3.707323,,Ronda de Toledo,5,,
node/2529991306,Burger King,40.406943,-3.674652,,,,,
node/2078116017,Burger King,40.407124,-3.693938,Madrid,,,,
node/5586709673,Burger King,40.407264,-3.691319,,,,,
node/2939048403,Burger King,40.407858,-3.630619,,,,,
way/223128134,Burger King,40.410993,-3.750134,,,,,
node/2951316219,Burger King,40.412075,-3.658336,Madrid,Calle del Corregidor Diego de Valderrábano,25,28030,
way/681503955,Burger King,40.412163,-3.693519,Madrid,Paseo del Prado,26,28014,
way/568771392,Burger King,40.41299,-3.898151,Boadilla del Monte,Calle de Monte Amor,1,28660,
node/4678874493,Burger King,40.413032,-3.700287,,,,,
node/7341225608,Burger King,40.413739,-3.720676,Madrid,Paseo de la Virgen del Puerto,,28005,"Mo-Th 12:00-01:00, Fr 12:00-03:00, Su 12:00-02:00"
node/12425250871,Burger King,40.415667,-3.703324,Madrid,Calle de Carretas,8,28012,24/7
node/178821228,Burger King,40.416027,-3.70506,Madrid,Calle de Esparteros,3,28012,
way/261806925,Burger King,40.417787,-3.671926,,,,,
node/12144695461,Burger King,40.420184,-3.5542,,,,,
node/184049470,Burger King,40.420414,-3.704979,Madrid,Gran Vía,40,28013,
node/10827905563,Burger King,40.421645,-3.71984,,,,,
node/2651530874,Burger King,40.422878,-3.710394,Madrid,Gran Vía,69,28013,
way/511539213,Burger King,40.4246,-3.600154,,,,,
node/4666017389,Burger King,40.424643,-3.544397,,,,,
node/2621636923,Burger King,40.424747,-3.678165,,,,,
node/902327015,Burger King,40.424949,-3.713018,,,,,"Mo-Th 10:00-24:00; Fr 10:00-01:30; PH,Sa 12:00-01:30; Su 12:00-00:30"
node/363997548,Burger King,40.426526,-3.700881,Madrid,Calle de Barceló,3,28004,"Su-Th 12:00-24:00, Fr,Sa 12:00-02:00"
node/1128664813,Burger King,40.427083,-3.694992,,Calle de Génova,6,,Su-Th 12:00-24:00; Fr-Sa 12:00-01:00
node/4610137789,Burger King,40.428203,-3.667753,,,,,
node/6121549487,Burger King,40.430352,-3.632191,Madrid,Calle de los Hermanos García Noblejas,45,28037,
node/622204591,Burger King,40.431093,-3.716844,,,,,
node/3523190952,Burger King,40.433088,-3.647829,,,,,
way/170505341,Burger King,40.4331,-3.533555,,,,,
node/674477959,Burger King,40.433157,-3.704705,Madrid,,,,"Su-Th 12:00-24:00, Fr,Sa 12:00-01:00"
node/26289763,Burger King,40.433366,-3.607223,,,,,
node/327528975,Burger King,40.434413,-3.674599,,,,,
node/614939487,Burger King,40.434557,-3.798313,,Calle Atenas,4,28224,
node/4338377884,Burger King,40.435201,-3.696062,,,,,
node/11269074158,Burger King,40.43545,-3.719016,,,,,
node/5109205856,Burger King,40.436331,-3.661534,,,,,
node/4077525244,Burger King,40.438109,-3.717655,,,,,
node/3056287062,Burger King,40.439188,-3.632584,,,,,Su-Th 12:00-01:00; Fr 12:00-02:00; Sa 12:00-02:30
way/1454716354,Burger King,40.440692,-3.48965,,,,,
node/3014835252,Burger King,40.443835,-3.65661,Madrid,Calle de la Condesa de Venadito,1,28027,"Mo,Th 12:00-23:30; Tu,We,Su 12:00-00:00; Fr,Sa 12:00-01:30"
way/1139030278,Burger King,40.445296,-3.362456,Villalbilla,Calle de Mariano José de Larra,,28810,
node/5210751039,Burger King,40.446814,-3.587192,,,,,
node/1762579478,Burger King,40.447835,-3.46751,,Calle del Amoniaco,1,,Mo-Th 11:00-23:30; Fr-Sa 11:00-02:00; Su 11:00-01:00
node/1452885165,Burger King,40.44798,-3.610504,,,,,
node/4769476622,Burger King,40.448918,-3.703882,,,,,
node/1992854977,Burger King,40.449787,-3.71035,,,,,
node/3974972557,Burger King,40.450522,-3.528459,,,,,
way/997439163,Burger King,40.450942,-3.882967,Majadahonda,Calle El Barbero de Sevilla,,28222,Mo-Su 12:30-00:00
node/12433858548,Burger King,40.451367,-3.695303,,,,,
node/3113588327,Burger King,40.451723,-3.687462,,,,,
node/4609504482,Burger King,40.454364,-3.678567,,,,,Mo-Su 12:30-23:30+
node/332074128,Burger King,40.454977,-3.874062,,,,,
way/945061262,Burger King,40.456026,-3.866374,,,,,"Mo-Th 12:00-24:00, Fr,Sa 12:00-01:00, Su,PH 12:00-24:00"
node/336262498,Burger King,40.456106,-3.812081,,Calle Manuel de Falla,4,28224,
node/6566648095,Burger King,40.456221,-3.619504,,,,,
node/627574779,Burger King,40.456896,-3.471317,Torrejón de Ardoz,Avda. de la Constitución,100,28850,Mo-Fr 12:00-00:30; Fr 12:00-02:00; Sa 12:00-03:00; Su 12:00-01:00
node/302790436,Burger King,40.457912,-3.700919,,Calle de Bravo Murillo,222,28020,
way/585852861,Burger King,40.458905,-3.658984,Madrid,Calle de Arturo Soria,196,28043,
node/2580708138,Burger King,40.458934,-3.691585,,,,,
node/5884199085,Burger King,40.460968,-3.758295,,Autovía del Noroeste,,28023,
node/3211789361,Burger King,40.462119,-3.571794,,,,,
node/4921020221,Burger King,40.464329,-3.784834,,,,,
node/4343081824,Burger King,40.465422,-3.439026,,,,,
node/3770301444,Burger King,40.465727,-3.690925,Madrid,Calle de Bravo Murillo,,28020,
way/1360293399,Burger King,40.466007,-3.569827,,,,,
node/2182364515,Burger King,40.468351,-3.617098,,,,,12:00+
way/293463784,Burger King,40.469367,-3.627645,,,,,
node/10606501241,Burger King,40.469649,-3.640967,,,,,Mo-Sa 10:00-22:00; Su 11:00-21:00
way/1360293417,Burger King,40.470765,-3.571384,,,,,
node/13176973077,Burger King,40.472157,-3.443016,,,,,
node/13904673940,Burger King,40.472488,-3.682952,,,,,
node/4715569699,Burger King,40.473446,-3.582296,,,,,12:30-01:00
way/499614429,Burger King,40.473568,-3.701115,,,,,
way/743710865,Burger King,40.47499,-3.859599,,,,,"Mo-Th 12:00-23:30, Fr,Sa 12:00-01:00, Su 12:00-24:00"
node/871073568,Burger King,40.477278,-3.47873,,Calle del Ocio,49,,
way/376470743,Burger King,40.477365,-3.391935,Alcalá de Henares,Avenida de Madrid,,28803,
node/262353392,Burger King,40.478729,-3.706231,,,,,
node/2551116095,Burger King,40.481319,-3.714678,,,,,
node/2606625338,Burger King,40.48156,-3.669841,Madrid,Calle de Caleruega,70,28033,
node/2134285281,Burger King,40.485292,-3.347488,,,,,
node/5176377207,Burger King,40.48532,-3.642737,,,,,
node/9540446866,Burger King,40.485919,-3.684484,,,,,
node/4394136790,Burger King,40.488709,-3.89755,,,,,
node/5830690815,Burger King,40.490307,-3.876888,,,,,
way/994058707,Burger King,40.493956,-3.566869,,,,,
node/3057780133,Burger King,40.496898,-3.663489,,,,,
way/908382642,Burger King,40.501663,-3.885697,,Calle de María Curie,16,28232,Su-Th 12:00-00:30; Fr-Sa 12:00-01:00
node/831025935,Burger King,40.503085,-3.513577,Paracuellos de Jarama,Paseo de las Camelias,,28860,
node/810206915,Burger King,40.504878,-3.367502,,Calle de Federico García Lorca,,,
node/637776200,Burger King,40.505132,-3.332711,,,,,
way/313495189,Burger King,40.50762,-3.35275,,Carretera de Meco,,,
node/4734171440,Burger King,40.508645,-3.67312,,,,,
node/299938277,Burger King,40.510059,-3.69067,,,,,
node/529705675,Burger King,40.515359,-3.896945,,,,,
node/6922982209,Burger King,40.530312,-3.638982,,,,,
node/3876914565,Burger King,40.537262,-3.634609,alcobendas,Bulevar de Salvador Allende,,,
way/1349747787,Burger King,40.540881,-3.456733,,,,,
node/2068640057,Burger King,40.541302,-3.615598,,,,,
node/1444943078,Burger King,40.543311,-3.611642,,,,,
way/477207073,Burger King,40.560074,-3.620205,San Sebastían de los Reyes,Avenida de Tenerife,,28702,
node/2648889791,Burger King,40.566375,-3.610041,,,,,
way/1367403155,Burger King,40.568364,-3.918304,,,,,
way/1330622520,Burger King,40.575155,-4.008933,Galapagar,Carretera de Madrid a El Escorial,94,28260,Mo-Th 12:30-00:30; Fr-Sa 12:00-01:30; Su 12:00-01:00
node/292354225,Burger King,40.590216,-3.582051,,,,,
node/8936265515,Burger King,40.596804,-3.507116,,,,,Mo-Su 09:00-21:00
node/1312900851,Burger King,40.601529,-4.127145,,,,,
way/442113937,Burger King,40.614109,-3.703456,,,,,
node/470926455,Burger King,40.633225,-4.004242,,,,,
way/441440085,Burger King,40.635404,-4.013718,,Calle Cañada Real,2D,28400,
node/7137691094,Burger King,40.652433,-4.008022,,,,,
node/5799799202,Burger King,40.657542,-3.758821,,,,,
node/12403420156,Burger King,40.672271,-3.609193,,,,,
way/1003915685,Burger King,40.700517,-3.936046,El Boalo,Carretera de Navacerrada,6,28413,
